max CPU time by SOLAR,min consequences sent,nbAg+,root-extensions,min CPU time by SOLAR,distrib,min total size messages,inferences,min extensions,max inferences,nbConsequencesFound,root-CPU time by SOLAR,nb Messages,root-total size messages,max total size messages,max nb Messages,CPU time by SOLAR,max extensions,max clauses sents,consequences sent,method,root-clauses sents,nbCl_c1_non_subsumed;nbCl_c1;nbCl_c2;nbCl_c2_non_sub;nbTimesCl_subs_min;nbTimesCl_subs_non_min;nbCl_c1_subsumed_non_min;nbCl_c1_subsumed_min;nbCl_c2_sub_min;nbCl_c2_sub_non_min;nbCl_c1_tot_present,min nb Messages,root-consequences sent,var,root-nb Messages,min clauses sents,root-inferences,total time,root,clauses sents,max consequences sent,timed_out,min inferences,infile,extensions,problem,total size messages
475,0,2,479,230,_kmet2,6,12666,479,11494,3,230,7,6,6,4,705,4447,0,0,DICF-PB-Async,0,0;3;3;0;0;3;3;0;0;3;3,3,0,_max-4_ld-1--1,4,0,1172,4470,0,0,0,0,1172,Problems/Bio/glucolysis,4926,Problems/Bio/glucolysis_max-4_ld-1--1,12
389,0,2,687,294,_kmet2,3,10142,687,8367,5,294,5,8,8,3,683,3240,0,0,DICF-PB-Async,0,0;5;5;0;0;5;5;0;0;5;5,2,0,_min-5_ld-1--1,3,0,1775,4360,0,0,0,0,1775,Problems/Bio/glucolysis,3927,Problems/Bio/glucolysis_min-5_ld-1--1,11
401,0,2,451,230,_kmet2,5,9470,451,8367,2,230,7,5,5,4,631,3240,0,0,DICF-PB-Async,0,0;2;2;0;0;2;2;0;0;2;2,3,0,_max-2_ld-1--1,4,0,1103,4519,0,0,0,0,1103,Problems/Bio/glucolysis,3691,Problems/Bio/glucolysis_max-2_ld-1--1,10
393,0,2,687,302,_kmet2,3,10142,687,8367,5,302,5,8,8,3,695,3240,0,0,DICF-PB-Async,0,0;5;5;0;0;5;5;0;0;5;5,2,0,_min-5_ld2--1,3,0,1775,4561,0,0,0,0,1775,Problems/Bio/glucolysis,3927,Problems/Bio/glucolysis_min-5_ld2--1,11
369,0,2,655,267,_kmet2,3,10043,655,8367,4,267,5,7,7,3,636,3240,0,0,DICF-PB-Async,0,0;4;4;0;0;4;4;0;0;4;4,2,0,_min-4_ld-1--1,3,0,1676,4543,0,0,0,0,1676,Problems/Bio/glucolysis,3895,Problems/Bio/glucolysis_min-4_ld-1--1,10
1198,0,2,515,235,_kmet2,12,169510,515,168192,10,235,11,12,19,6,1433,64163,0,0,DICF-PB-Async,0,5;10;16;12;2;5;3;2;1;3;3,5,0,_max-8_ld2--1,6,0,1318,6556,0,0,0,0,1318,Problems/Bio/glucolysis,64678,Problems/Bio/glucolysis_max-8_ld2--1,31
371,0,2,655,260,_kmet2,3,10043,655,8367,4,260,6,7,7,4,631,3240,0,0,DICF-PB-Star-FixedRoot-0,0,0;4;4;0;0;4;4;0;0;4;4,2,0,_min-4_ld-1--1,4,0,1676,3309,0,0,0,0,1676,Problems/Bio/glucolysis,3895,Problems/Bio/glucolysis_min-4_ld-1--1,10
416,0,2,687,305,_kmet2,3,10142,687,8367,5,305,6,8,8,4,721,3240,0,0,DICF-PB-Star-FixedRoot-0,0,0;5;5;0;0;5;5;0;0;5;5,2,0,_min-5_ld2--1,4,0,1775,3443,0,0,0,0,1775,Problems/Bio/glucolysis,3927,Problems/Bio/glucolysis_min-5_ld2--1,11
327,0,2,687,313,_kmet2,3,10142,687,8367,5,313,6,8,8,4,640,3240,0,0,DICF-PB-Star-FixedRoot-0,0,0;5;5;0;0;5;5;0;0;5;5,2,0,_min-5_ld-1--1,4,0,1775,3535,0,0,0,0,1775,Problems/Bio/glucolysis,3927,Problems/Bio/glucolysis_min-5_ld-1--1,11
421,0,2,451,222,_kmet2,3,9470,451,8367,2,222,6,5,5,4,643,3240,0,0,DICF-PB-Star-FixedRoot-0,0,0;2;2;0;0;2;2;0;0;2;2,2,0,_max-2_ld-1--1,4,0,1103,3412,0,0,0,0,1103,Problems/Bio/glucolysis,3691,Problems/Bio/glucolysis_max-2_ld-1--1,8
492,0,2,479,231,_kmet2,4,12666,479,11494,3,231,6,6,6,4,723,4447,0,0,DICF-PB-Star-FixedRoot-0,0,0;3;3;0;0;3;3;0;0;3;3,2,0,_max-4_ld-1--1,4,0,1172,4339,0,0,0,0,1172,Problems/Bio/glucolysis,4926,Problems/Bio/glucolysis_max-4_ld-1--1,10
1758,0,2,602,235,_kmet2,17,169835,602,168192,10,235,10,17,17,6,1993,64163,0,0,DICF-PB-Star-FixedRoot-0,0,3;10;16;12;6;7;1;6;3;1;1,4,0,_max-8_ld2--1,6,0,1643,5676,0,0,0,0,1643,Problems/Bio/glucolysis,64765,Problems/Bio/glucolysis_max-8_ld2--1,34
240,0,2,652,0,_kmet2,0,1667,0,1667,0,240,2,0,0,1,240,652,0,0,DICF-PB-Token-FixedOrder-0-1,0,0;0;4;4;0;0;0;0;0;0;0,1,0,_min-4_ld-1--1,1,0,1667,10529,0,0,0,1,0,Problems/Bio/glucolysis,652,Problems/Bio/glucolysis_min-4_ld-1--1,0
205,0,2,448,0,_kmet2,0,1093,0,1093,0,205,2,0,0,1,205,448,0,0,DICF-PB-Token-FixedOrder-0-1,0,0;0;2;2;0;0;0;0;0;0;0,1,0,_max-2_ld-1--1,1,0,1093,10814,0,0,0,1,0,Problems/Bio/glucolysis,448,Problems/Bio/glucolysis_max-2_ld-1--1,0
279,0,2,684,0,_kmet2,0,1766,0,1766,0,279,2,0,0,1,279,684,0,0,DICF-PB-Token-FixedOrder-0-1,0,0;0;5;5;0;0;0;0;0;0;0,1,0,_min-5_ld2--1,1,0,1766,10676,0,0,0,1,0,Problems/Bio/glucolysis,684,Problems/Bio/glucolysis_min-5_ld2--1,0
260,0,2,684,0,_kmet2,0,1766,0,1766,0,260,2,0,0,1,260,684,0,0,DICF-PB-Token-FixedOrder-0-1,0,0;0;5;5;0;0;0;0;0;0;0,1,0,_min-5_ld-1--1,1,0,1766,10597,0,0,0,1,0,Problems/Bio/glucolysis,684,Problems/Bio/glucolysis_min-5_ld-1--1,0
202,0,2,476,0,_kmet2,0,1162,0,1162,0,202,2,0,0,1,202,476,0,0,DICF-PB-Token-FixedOrder-0-1,0,0;0;3;3;0;0;0;0;0;0;0,1,0,_max-4_ld-1--1,1,0,1162,10686,0,0,0,1,0,Problems/Bio/glucolysis,476,Problems/Bio/glucolysis_max-4_ld-1--1,0
357,0,2,655,206,_kmet2,3,10043,655,8367,4,206,5,7,7,3,563,3240,0,0,DICF-PB-Async,0,0;4;4;0;0;4;4;0;0;4;4,2,0,_min-4_ld-1--1,3,0,1676,2107,0,0,0,0,1676,Problems/Bio/glucolysis,3895,Problems/Bio/glucolysis_min-4_ld-1--1,10
158,0,2,488,0,_kmet2,0,1205,0,1205,0,158,2,0,0,1,158,488,0,0,DICF-PB-Token-FixedOrder-0-1,0,0;0;16;16;0;0;0;0;0;0;0,1,0,_max-8_ld2--1,1,0,1205,10227,0,0,0,1,0,Problems/Bio/glucolysis,488,Problems/Bio/glucolysis_max-8_ld2--1,0
386,0,2,451,225,_kmet2,5,9470,451,8367,2,225,7,5,5,4,611,3240,0,0,DICF-PB-Async,0,0;2;2;0;0;2;2;0;0;2;2,3,0,_max-2_ld-1--1,4,0,1103,3343,0,0,0,0,1103,Problems/Bio/glucolysis,3691,Problems/Bio/glucolysis_max-2_ld-1--1,10
384,0,2,687,286,_kmet2,3,10142,687,8367,5,286,5,8,8,3,670,3240,0,0,DICF-PB-Async,0,0;5;5;0;0;5;5;0;0;5;5,2,0,_min-5_ld2--1,3,0,1775,3353,0,0,0,0,1775,Problems/Bio/glucolysis,3927,Problems/Bio/glucolysis_min-5_ld2--1,11
361,0,2,687,298,_kmet2,3,10142,687,8367,5,298,5,8,8,3,659,3240,0,0,DICF-PB-Async,0,0;5;5;0;0;5;5;0;0;5;5,2,0,_min-5_ld-1--1,3,0,1775,3293,0,0,0,0,1775,Problems/Bio/glucolysis,3927,Problems/Bio/glucolysis_min-5_ld-1--1,11
489,0,2,479,229,_kmet2,6,12666,479,11494,3,229,7,6,6,4,718,4447,0,0,DICF-PB-Async,0,0;3;3;0;0;3;3;0;0;3;3,3,0,_max-4_ld-1--1,4,0,1172,3381,0,0,0,0,1172,Problems/Bio/glucolysis,4926,Problems/Bio/glucolysis_max-4_ld-1--1,12
320,0,2,655,257,_kmet2,3,10043,655,8367,4,257,6,7,7,4,577,3240,0,0,DICF-PB-Star-FixedRoot-0,0,0;4;4;0;0;4;4;0;0;4;4,2,0,_min-4_ld-1--1,4,0,1676,2312,0,0,0,0,1676,Problems/Bio/glucolysis,3895,Problems/Bio/glucolysis_min-4_ld-1--1,10
384,0,2,451,221,_kmet2,3,9470,451,8367,2,221,6,5,5,4,605,3240,0,0,DICF-PB-Star-FixedRoot-0,0,0;2;2;0;0;2;2;0;0;2;2,2,0,_max-2_ld-1--1,4,0,1103,3370,0,0,0,0,1103,Problems/Bio/glucolysis,3691,Problems/Bio/glucolysis_max-2_ld-1--1,8
342,0,2,687,310,_kmet2,3,10142,687,8367,5,310,6,8,8,4,652,3240,0,0,DICF-PB-Star-FixedRoot-0,0,0;5;5;0;0;5;5;0;0;5;5,2,0,_min-5_ld2--1,4,0,1775,3483,0,0,0,0,1775,Problems/Bio/glucolysis,3927,Problems/Bio/glucolysis_min-5_ld2--1,11
427,0,2,687,306,_kmet2,3,10142,687,8367,5,306,6,8,8,4,733,3240,0,0,DICF-PB-Star-FixedRoot-0,0,0;5;5;0;0;5;5;0;0;5;5,2,0,_min-5_ld-1--1,4,0,1775,3655,0,0,0,0,1775,Problems/Bio/glucolysis,3927,Problems/Bio/glucolysis_min-5_ld-1--1,11
440,0,2,479,225,_kmet2,4,12666,479,11494,3,225,6,6,6,4,665,4447,0,0,DICF-PB-Star-FixedRoot-0,0,0;3;3;0;0;3;3;0;0;3;3,2,0,_max-4_ld-1--1,4,0,1172,3746,0,0,0,0,1172,Problems/Bio/glucolysis,4926,Problems/Bio/glucolysis_max-4_ld-1--1,10
1692,0,2,515,255,_kmet2,12,169510,515,168192,10,255,11,12,19,6,1947,64163,0,0,DICF-PB-Async,0,5;10;16;12;2;5;3;2;1;3;3,5,0,_max-8_ld2--1,6,0,1318,7324,0,0,0,0,1318,Problems/Bio/glucolysis,64678,Problems/Bio/glucolysis_max-8_ld2--1,31
348,0,2,574,249,_kmet2,3,9803,574,8367,2,249,5,5,5,3,597,3240,0,0,DICF-PB-Async,0,0;2;2;0;0;2;2;0;0;2;2,2,0,_min-2_ld2--1,3,0,1436,2395,0,0,0,0,1436,Problems/Bio/glucolysis,3814,Problems/Bio/glucolysis_min-2_ld2--1,8
1316,0,2,515,232,_kmet2,12,169510,515,168192,10,232,11,12,19,6,1548,64163,0,0,DICF-PB-Async,0,5;10;16;12;2;5;3;2;1;3;3,5,0,_max-8_ld-1--1,6,0,1318,5330,0,0,0,0,1318,Problems/Bio/glucolysis,64678,Problems/Bio/glucolysis_max-8_ld-1--1,31
360,0,2,574,242,_kmet2,3,9803,574,8367,2,242,5,5,5,3,602,3240,0,0,DICF-PB-Async,0,0;2;2;0;0;2;2;0;0;2;2,2,0,_min-2_ld3--1,3,0,1436,3711,0,0,0,0,1436,Problems/Bio/glucolysis,3814,Problems/Bio/glucolysis_min-2_ld3--1,8
456,0,2,491,237,_kmet2,6,12709,491,11494,4,237,7,7,7,4,693,4447,0,0,DICF-PB-Async,0,0;4;4;0;0;4;4;0;0;4;4,3,0,_max-5_ld3--1,4,0,1215,4640,0,0,0,0,1215,Problems/Bio/glucolysis,4938,Problems/Bio/glucolysis_max-5_ld3--1,13
679,0,2,497,235,_kmet2,9,23535,497,22296,5,235,10,9,9,6,914,8586,0,0,DICF-PB-Async,0,2;5;6;3;1;3;2;1;1;2;2,4,0,_max-6_ld3--1,6,0,1239,4570,0,0,0,0,1239,Problems/Bio/glucolysis,9083,Problems/Bio/glucolysis_max-6_ld3--1,18
406,0,2,574,236,_kmet2,3,9803,574,8367,2,236,6,5,5,4,642,3240,0,0,DICF-PB-Star-FixedRoot-0,0,0;2;2;0;0;2;2;0;0;2;2,2,0,_min-2_ld2--1,4,0,1436,2579,0,0,0,0,1436,Problems/Bio/glucolysis,3814,Problems/Bio/glucolysis_min-2_ld2--1,8
1253,0,2,602,250,_kmet2,17,169835,602,168192,10,250,10,17,17,6,1503,64163,0,0,DICF-PB-Star-FixedRoot-0,0,3;10;16;12;6;7;1;6;3;1;1,4,0,_max-8_ld2--1,6,0,1643,5572,0,0,0,0,1643,Problems/Bio/glucolysis,64765,Problems/Bio/glucolysis_max-8_ld2--1,34
440,0,2,491,223,_kmet2,4,12709,491,11494,4,223,6,7,7,4,663,4447,0,0,DICF-PB-Star-FixedRoot-0,0,0;4;4;0;0;4;4;0;0;4;4,2,0,_max-5_ld3--1,4,0,1215,3568,0,0,0,0,1215,Problems/Bio/glucolysis,4938,Problems/Bio/glucolysis_max-5_ld3--1,11
837,0,2,499,249,_kmet2,7,23543,499,22296,5,249,10,10,10,6,1086,8586,0,0,DICF-PB-Star-FixedRoot-0,0,2;5;6;3;1;3;2;1;1;2;2,4,0,_max-6_ld3--1,6,0,1247,3591,0,0,0,0,1247,Problems/Bio/glucolysis,9085,Problems/Bio/glucolysis_max-6_ld3--1,17
384,0,2,574,236,_kmet2,3,9803,574,8367,2,236,6,5,5,4,620,3240,0,0,DICF-PB-Star-FixedRoot-0,0,0;2;2;0;0;2;2;0;0;2;2,2,0,_min-2_ld3--1,4,0,1436,3625,0,0,0,0,1436,Problems/Bio/glucolysis,3814,Problems/Bio/glucolysis_min-2_ld3--1,8
1386,0,2,602,239,_kmet2,17,169835,602,168192,10,239,10,17,17,6,1625,64163,0,0,DICF-PB-Star-FixedRoot-0,0,3;10;16;12;6;7;1;6;3;1;1,4,0,_max-8_ld-1--1,6,0,1643,6559,0,0,0,0,1643,Problems/Bio/glucolysis,64765,Problems/Bio/glucolysis_max-8_ld-1--1,34
363,0,2,655,273,_kmet2,3,10043,655,8367,4,273,5,7,7,3,636,3240,0,0,DICF-PB-Async,0,0;4;4;0;0;4;4;0;0;4;4,2,0,_min-4_ld3--1,3,0,1676,2344,0,0,0,0,1676,Problems/Bio/glucolysis,3895,Problems/Bio/glucolysis_min-4_ld3--1,10
310,0,2,655,209,_kmet2,3,10043,655,8367,4,209,6,7,7,4,519,3240,0,0,DICF-PB-Star-FixedRoot-0,0,0;4;4;0;0;4;4;0;0;4;4,2,0,_min-4_ld3--1,4,0,1676,1106,0,0,0,0,1676,Problems/Bio/glucolysis,3895,Problems/Bio/glucolysis_min-4_ld3--1,10
233,0,2,571,0,_kmet2,0,1427,0,1427,0,233,2,0,0,1,233,571,0,0,DICF-PB-Token-FixedOrder-0-1,0,0;0;2;2;0;0;0;0;0;0;0,1,0,_min-2_ld2--1,1,0,1427,10503,0,0,0,1,0,Problems/Bio/glucolysis,571,Problems/Bio/glucolysis_min-2_ld2--1,0
283,0,2,574,172,_kmet2,3,9803,574,8367,2,172,5,5,5,3,455,3240,0,0,DICF-PB-Async,0,0;2;2;0;0;2;2;0;0;2;2,2,0,_min-2_ld2--1,3,0,1436,1107,0,0,0,0,1436,Problems/Bio/glucolysis,3814,Problems/Bio/glucolysis_min-2_ld2--1,8
312,0,2,574,191,_kmet2,3,9803,574,8367,2,191,6,5,5,4,503,3240,0,0,DICF-PB-Star-FixedRoot-0,0,0;2;2;0;0;2;2;0;0;2;2,2,0,_min-2_ld2--1,4,0,1436,1112,0,0,0,0,1436,Problems/Bio/glucolysis,3814,Problems/Bio/glucolysis_min-2_ld2--1,8
210,0,2,488,0,_kmet2,0,1205,0,1205,0,210,2,0,0,1,210,488,0,0,DICF-PB-Token-FixedOrder-0-1,0,0;0;4;4;0;0;0;0;0;0;0,1,0,_max-5_ld3--1,1,0,1205,10375,0,0,0,1,0,Problems/Bio/glucolysis,488,Problems/Bio/glucolysis_max-5_ld3--1,0
209,0,2,488,0,_kmet2,0,1205,0,1205,0,209,2,0,0,1,209,488,0,0,DICF-PB-Token-FixedOrder-0-1,0,0;0;6;6;0;0;0;0;0;0;0,1,0,_max-6_ld3--1,1,0,1205,10469,0,0,0,1,0,Problems/Bio/glucolysis,488,Problems/Bio/glucolysis_max-6_ld3--1,0
202,0,2,571,0,_kmet2,0,1427,0,1427,0,202,2,0,0,1,202,571,0,0,DICF-PB-Token-FixedOrder-0-1,0,0;0;2;2;0;0;0;0;0;0;0,1,0,_min-2_ld3--1,1,0,1427,10396,0,0,0,1,0,Problems/Bio/glucolysis,571,Problems/Bio/glucolysis_min-2_ld3--1,0
137,0,2,488,0,_kmet2,0,1205,0,1205,0,137,2,0,0,1,137,488,0,0,DICF-PB-Token-FixedOrder-0-1,0,0;0;16;16;0;0;0;0;0;0;0,1,0,_max-8_ld-1--1,1,0,1205,10216,0,0,0,1,0,Problems/Bio/glucolysis,488,Problems/Bio/glucolysis_max-8_ld-1--1,0
397,0,2,687,282,_kmet2,3,10162,687,8367,6,282,5,9,9,3,679,3240,0,0,DICF-PB-Async,0,0;6;6;0;0;6;6;0;0;6;6,2,0,_min-6_ld3--1,3,0,1795,2130,0,0,0,0,1795,Problems/Bio/glucolysis,3927,Problems/Bio/glucolysis_min-6_ld3--1,12
579,0,2,491,219,_kmet2,6,12709,491,11494,4,219,7,7,7,4,798,4447,0,0,DICF-PB-Async,0,0;4;4;0;0;4;4;0;0;4;4,3,0,_max-5_ld3--1,4,0,1215,2304,0,0,0,0,1215,Problems/Bio/glucolysis,4938,Problems/Bio/glucolysis_max-5_ld3--1,13
181,0,2,652,0,_kmet2,0,1667,0,1667,0,181,2,0,0,1,181,652,0,0,DICF-PB-Token-FixedOrder-0-1,0,0;0;4;4;0;0;0;0;0;0;0,1,0,_min-4_ld3--1,1,0,1667,10198,0,0,0,1,0,Problems/Bio/glucolysis,652,Problems/Bio/glucolysis_min-4_ld3--1,0
389,0,2,451,221,_kmet2,5,9470,451,8367,2,221,7,5,5,4,610,3240,0,0,DICF-PB-Async,0,0;2;2;0;0;2;2;0;0;2;2,3,0,_max-2_ld-1--1,4,0,1103,3384,0,0,0,0,1103,Problems/Bio/glucolysis,3691,Problems/Bio/glucolysis_max-2_ld-1--1,10
451,0,2,479,225,_kmet2,6,12666,479,11494,3,225,7,6,6,4,676,4447,0,0,DICF-PB-Async,0,0;3;3;0;0;3;3;0;0;3;3,3,0,_max-4_ld-1--1,4,0,1172,4373,0,0,0,0,1172,Problems/Bio/glucolysis,4926,Problems/Bio/glucolysis_max-4_ld-1--1,12
391,0,2,687,280,_kmet2,3,10142,687,8367,5,280,5,8,8,3,671,3240,0,0,DICF-PB-Async,0,0;5;5;0;0;5;5;0;0;5;5,2,0,_min-5_ld-1--1,3,0,1775,4590,0,0,0,0,1775,Problems/Bio/glucolysis,3927,Problems/Bio/glucolysis_min-5_ld-1--1,11
325,0,2,655,268,_kmet2,3,10043,655,8367,4,268,5,7,7,3,593,3240,0,0,DICF-PB-Async,0,0;4;4;0;0;4;4;0;0;4;4,2,0,_min-4_ld-1--1,3,0,1676,4653,0,0,0,0,1676,Problems/Bio/glucolysis,3895,Problems/Bio/glucolysis_min-4_ld-1--1,10
389,0,2,687,301,_kmet2,3,10142,687,8367,5,301,5,8,8,3,690,3240,0,0,DICF-PB-Async,0,0;5;5;0;0;5;5;0;0;5;5,2,0,_min-5_ld2--1,3,0,1775,4567,0,0,0,0,1775,Problems/Bio/glucolysis,3927,Problems/Bio/glucolysis_min-5_ld2--1,11
1541,0,2,515,238,_kmet2,12,169510,515,168192,10,238,11,12,19,6,1779,64163,0,0,DICF-PB-Async,0,5;10;16;12;2;5;3;2;1;3;3,5,0,_max-8_ld2--1,6,0,1318,6639,0,0,0,0,1318,Problems/Bio/glucolysis,64678,Problems/Bio/glucolysis_max-8_ld2--1,31
380,0,2,451,217,_kmet2,3,9470,451,8367,2,217,6,5,5,4,597,3240,0,0,DICF-PB-Star,0,0;2;2;0;0;2;2;0;0;2;2,2,0,_max-2_ld-1--1,4,0,1103,2232,0,0,0,0,1103,Problems/Bio/glucolysis,3691,Problems/Bio/glucolysis_max-2_ld-1--1,8
345,0,2,655,255,_kmet2,3,10043,655,8367,4,255,6,7,7,4,600,3240,0,0,DICF-PB-Star,0,0;4;4;0;0;4;4;0;0;4;4,2,0,_min-4_ld-1--1,4,0,1676,3289,0,0,0,0,1676,Problems/Bio/glucolysis,3895,Problems/Bio/glucolysis_min-4_ld-1--1,10
458,0,2,479,226,_kmet2,4,12666,479,11494,3,226,6,6,6,4,684,4447,0,0,DICF-PB-Star,0,0;3;3;0;0;3;3;0;0;3;3,2,0,_max-4_ld-1--1,4,0,1172,3520,0,0,0,0,1172,Problems/Bio/glucolysis,4926,Problems/Bio/glucolysis_max-4_ld-1--1,10
360,0,2,687,297,_kmet2,3,10142,687,8367,5,297,6,8,8,4,657,3240,0,0,DICF-PB-Star,0,0;5;5;0;0;5;5;0;0;5;5,2,0,_min-5_ld-1--1,4,0,1775,3409,0,0,0,0,1775,Problems/Bio/glucolysis,3927,Problems/Bio/glucolysis_min-5_ld-1--1,11
402,0,2,687,314,_kmet2,3,10142,687,8367,5,314,6,8,8,4,716,3240,0,0,DICF-PB-Star,0,0;5;5;0;0;5;5;0;0;5;5,2,0,_min-5_ld2--1,4,0,1775,3489,0,0,0,0,1775,Problems/Bio/glucolysis,3927,Problems/Bio/glucolysis_min-5_ld2--1,11
1203,0,2,602,240,_kmet2,17,169835,602,168192,10,240,10,17,17,6,1443,64163,0,0,DICF-PB-Star,0,3;10;16;12;6;7;1;6;3;1;1,4,0,_max-8_ld2--1,6,0,1643,4533,0,0,0,0,1643,Problems/Bio/glucolysis,64765,Problems/Bio/glucolysis_max-8_ld2--1,34
196,0,2,448,0,_kmet2,0,1093,0,1093,0,196,2,0,0,1,196,448,0,0,DICF-PB-Token-FixedOrder-0-1,0,0;0;2;2;0;0;0;0;0;0;0,1,0,_max-2_ld-1--1,1,0,1093,10594,0,0,0,1,0,Problems/Bio/glucolysis,448,Problems/Bio/glucolysis_max-2_ld-1--1,0
238,0,2,652,0,_kmet2,0,1667,0,1667,0,238,2,0,0,1,238,652,0,0,DICF-PB-Token-FixedOrder-0-1,0,0;0;4;4;0;0;0;0;0;0;0,1,0,_min-4_ld-1--1,1,0,1667,10506,0,0,0,1,0,Problems/Bio/glucolysis,652,Problems/Bio/glucolysis_min-4_ld-1--1,0
190,0,2,476,0,_kmet2,0,1162,0,1162,0,190,2,0,0,1,190,476,0,0,DICF-PB-Token-FixedOrder-0-1,0,0;0;3;3;0;0;0;0;0;0;0,1,0,_max-4_ld-1--1,1,0,1162,10464,0,0,0,1,0,Problems/Bio/glucolysis,476,Problems/Bio/glucolysis_max-4_ld-1--1,0
270,0,2,684,0,_kmet2,0,1766,0,1766,0,270,2,0,0,1,270,684,0,0,DICF-PB-Token-FixedOrder-0-1,0,0;0;5;5;0;0;0;0;0;0;0,1,0,_min-5_ld-1--1,1,0,1766,10581,0,0,0,1,0,Problems/Bio/glucolysis,684,Problems/Bio/glucolysis_min-5_ld-1--1,0
284,0,2,684,0,_kmet2,0,1766,0,1766,0,284,2,0,0,1,284,684,0,0,DICF-PB-Token-FixedOrder-0-1,0,0;0;5;5;0;0;0;0;0;0;0,1,0,_min-5_ld2--1,1,0,1766,10461,0,0,0,1,0,Problems/Bio/glucolysis,684,Problems/Bio/glucolysis_min-5_ld2--1,0
136,0,2,488,0,_kmet2,0,1205,0,1205,0,136,2,0,0,1,136,488,0,0,DICF-PB-Token-FixedOrder-0-1,0,0;0;16;16;0;0;0;0;0;0;0,1,0,_max-8_ld2--1,1,0,1205,10220,0,0,0,1,0,Problems/Bio/glucolysis,488,Problems/Bio/glucolysis_max-8_ld2--1,0
2005,0,4,181811,160,_kmet4,51,1821434,515,898994,2,1791,83,51,81,25,5335,286986,0,0,DICF-PB-Async,0,0;2;2;0;0;2;2;0;0;2;2,19,0,_max-2_ld-1--1,19,0,492997,10312,0,0,0,1,1491,Problems/Bio/glucolysis,582557,Problems/Bio/glucolysis_max-2_ld-1--1,250
1543,0,4,42479,221,_kmet4,39,316098,546,116894,4,1543,71,39,68,22,3967,42479,0,0,DICF-PB-Async,0,0;4;4;0;0;4;4;0;0;4;4,14,0,_min-4_ld-1--1,14,0,114072,10799,0,0,0,1,1594,Problems/Bio/glucolysis,101465,Problems/Bio/glucolysis_min-4_ld-1--1,223
1260,0,4,36083,183,_kmet4,46,126782,162,96221,3,1260,72,46,58,21,2503,36083,0,0,DICF-PB-Async,0,0;3;3;0;0;3;3;0;0;3;3,16,0,_max-4_ld-1--1,16,0,96221,10910,0,0,0,1,523,Problems/Bio/glucolysis,46300,Problems/Bio/glucolysis_max-4_ld-1--1,216
1291,0,4,9950,226,_kmet4,25,44436,129,26686,5,1291,58,25,54,19,2629,9950,0,0,DICF-PB-Async,0,0;5;5;0;0;5;5;0;0;5;5,9,0,_min-5_ld2--1,9,0,26686,10923,0,0,0,1,416,Problems/Bio/glucolysis,15847,Problems/Bio/glucolysis_min-5_ld2--1,171
1182,0,4,9950,227,_kmet4,25,44436,129,26686,5,1182,58,25,54,19,2477,9950,0,0,DICF-PB-Async,0,0;5;5;0;0;5;5;0;0;5;5,9,0,_min-5_ld-1--1,9,0,26686,10877,0,0,0,1,416,Problems/Bio/glucolysis,15847,Problems/Bio/glucolysis_min-5_ld-1--1,171
1162,0,4,28326,180,_kmet4,22,80870,35,80157,6,1162,58,42,45,19,1741,28326,0,0,DICF-PB-Async,0,4;6;16;14;2;2;0;2;2;0;0,10,0,_max-8_ld2--1,10,0,80157,10228,0,0,0,1,101,Problems/Bio/glucolysis,28562,Problems/Bio/glucolysis_max-8_ld2--1,134
550,0,4,2715,66,_kmet4,14,10927,28,7193,0,550,28,45,45,13,871,2715,0,0,DICF-PB-Star,0,0;0;2;2;0;0;0;0;0;0;0,5,0,_max-2_ld-1--1,13,0,7193,10700,0,0,0,1,74,Problems/Bio/glucolysis,3861,Problems/Bio/glucolysis_max-2_ld-1--1,104
540,0,4,2715,54,_kmet4,17,10933,30,7193,0,540,28,45,45,13,815,2715,0,0,DICF-PB-Star,0,0;0;4;4;0;0;0;0;0;0;0,5,0,_min-4_ld-1--1,13,0,7193,10278,0,0,0,1,81,Problems/Bio/glucolysis,3863,Problems/Bio/glucolysis_min-4_ld-1--1,106
566,0,4,2715,66,_kmet4,14,10937,28,7193,0,566,28,45,45,13,889,2715,0,0,DICF-PB-Star,0,0;0;3;3;0;0;0;0;0;0;0,5,0,_max-4_ld-1--1,13,0,7193,10590,0,0,0,1,74,Problems/Bio/glucolysis,3861,Problems/Bio/glucolysis_max-4_ld-1--1,108
623,0,4,2715,68,_kmet4,18,10936,31,7193,0,623,28,45,45,13,984,2715,0,0,DICF-PB-Star,0,0;0;5;5;0;0;0;0;0;0;0,5,0,_min-5_ld2--1,13,0,7193,10764,0,0,0,1,84,Problems/Bio/glucolysis,3864,Problems/Bio/glucolysis_min-5_ld2--1,107
536,0,4,2715,58,_kmet4,18,10936,31,7193,0,536,28,45,45,13,828,2715,0,0,DICF-PB-Star,0,0;0;5;5;0;0;0;0;0;0;0,5,0,_min-5_ld-1--1,13,0,7193,10204,0,0,0,1,84,Problems/Bio/glucolysis,3864,Problems/Bio/glucolysis_min-5_ld-1--1,107
1015,0,4,31623,73,_kmet4,15,646661,28,544276,0,1015,28,59,59,13,2045,135441,0,0,DICF-PB-Star,0,0;0;16;16;0;0;0;0;0;0;0,5,0,_max-8_ld2--1,13,0,89590,10831,0,0,0,1,75,Problems/Bio/glucolysis,171212,Problems/Bio/glucolysis_max-8_ld2--1,161
911,0,4,9408,54,_kmet4,15,27415,226,25116,0,911,27,20,38,8,1226,9408,0,0,DICF-PB-Token-FixedOrder-3-0-1-2,0,0;0;2;2;0;0;0;0;0;0;0,5,0,_max-2_ld-1--1,5,0,25116,10856,0,0,0,1,759,Problems/Bio/glucolysis,10132,Problems/Bio/glucolysis_max-2_ld-1--1,103
783,0,4,9412,67,_kmet4,17,27483,230,25127,0,783,25,23,42,7,1145,9412,0,0,DICF-PB-Token-FixedOrder-3-0-1-2,0,0;0;4;4;0;0;0;0;0;0;0,5,0,_min-4_ld-1--1,5,0,25127,10670,0,0,0,1,773,Problems/Bio/glucolysis,10156,Problems/Bio/glucolysis_min-4_ld-1--1,116
780,0,4,9409,57,_kmet4,20,37694,273,25119,0,780,27,21,44,8,1173,9409,0,0,DICF-PB-Token-FixedOrder-3-0-1-2,0,0;0;3;3;0;0;0;0;0;0;0,5,0,_max-4_ld-1--1,5,0,25119,10948,0,0,0,1,779,Problems/Bio/glucolysis,12993,Problems/Bio/glucolysis_max-4_ld-1--1,121
698,0,4,9413,58,_kmet4,18,27495,231,25130,0,698,25,24,43,7,1027,9413,0,0,DICF-PB-Token-FixedOrder-3-0-1-2,0,0;0;5;5;0;0;0;0;0;0;0,5,0,_min-5_ld2--1,5,0,25130,10938,0,0,0,1,776,Problems/Bio/glucolysis,10160,Problems/Bio/glucolysis_min-5_ld2--1,120
736,0,4,9413,60,_kmet4,18,27495,231,25130,0,736,25,24,43,7,1072,9413,0,0,DICF-PB-Token-FixedOrder-3-0-1-2,0,0;0;5;5;0;0;0;0;0;0;0,5,0,_min-5_ld-1--1,5,0,25130,11085,0,0,0,1,776,Problems/Bio/glucolysis,10160,Problems/Bio/glucolysis_min-5_ld-1--1,120
239,0,6,15,30,_kmet6,8,2562,15,1096,2,30,73,8,57,20,719,404,0,0,DICF-PB-Async,0,0;2;2;0;0;2;2;0;0;2;2,5,0,_max-2_ld-1--1,9,0,40,10914,0,0,0,1,40,Problems/Bio/glucolysis,879,Problems/Bio/glucolysis_max-2_ld-1--1,171
236,0,6,15,31,_kmet6,4,2563,15,1096,4,31,64,4,57,18,676,404,0,0,DICF-PB-Async,0,0;4;4;0;0;4;4;0;0;4;4,5,0,_min-4_ld-1--1,5,0,39,11039,0,0,0,1,39,Problems/Bio/glucolysis,879,Problems/Bio/glucolysis_min-4_ld-1--1,166
1225,0,2,515,240,_kmet2,12,169510,515,168192,10,240,11,12,19,6,1465,64163,0,0,DICF-PB-Async,0,5;10;16;12;2;5;3;2;1;3;3,5,0,_max-8_ld-1--1,6,0,1318,5668,0,0,0,0,1318,Problems/Bio/glucolysis,64678,Problems/Bio/glucolysis_max-8_ld-1--1,31
237,0,6,15,28,_kmet6,8,2674,15,1116,3,28,73,8,62,20,669,404,0,0,DICF-PB-Async,0,0;3;3;0;0;3;3;0;0;3;3,5,0,_max-4_ld-1--1,9,0,40,10654,0,0,0,1,40,Problems/Bio/glucolysis,907,Problems/Bio/glucolysis_max-4_ld-1--1,186
250,0,6,15,29,_kmet6,4,2567,15,1096,5,29,67,4,57,19,762,404,0,0,DICF-PB-Async,0,0;5;5;0;0;5;5;0;0;5;5,5,0,_min-5_ld2--1,5,0,39,10320,0,0,0,1,39,Problems/Bio/glucolysis,880,Problems/Bio/glucolysis_min-5_ld2--1,171
253,0,6,15,30,_kmet6,4,2566,15,1096,5,30,65,4,57,19,726,404,0,0,DICF-PB-Async,0,0;5;5;0;0;5;5;0;0;5;5,5,0,_min-5_ld-1--1,5,0,39,10870,0,0,0,1,39,Problems/Bio/glucolysis,880,Problems/Bio/glucolysis_min-5_ld-1--1,167
1811,0,2,602,267,_kmet2,17,169835,602,168192,10,267,10,17,17,6,2078,64163,0,0,DICF-PB-Star,0,3;10;16;12;6;7;1;6;3;1;1,4,0,_max-8_ld-1--1,6,0,1643,8395,0,0,0,0,1643,Problems/Bio/glucolysis,64765,Problems/Bio/glucolysis_max-8_ld-1--1,34
317,0,6,530,33,_kmet6,13,6734,33,3773,0,241,53,123,123,25,798,1186,0,0,DICF-PB-Star,0,0;0;2;2;0;0;0;0;0;0;0,4,0,_max-2_ld-1--1,25,0,1786,10865,0,0,0,1,97,Problems/Bio/glucolysis,2132,Problems/Bio/glucolysis_max-2_ld-1--1,219
299,0,6,531,27,_kmet6,13,6741,34,3774,0,221,53,123,123,25,728,1186,0,0,DICF-PB-Star,0,0;0;4;4;0;0;0;0;0;0;0,4,0,_min-4_ld-1--1,25,0,1789,10939,0,0,0,1,96,Problems/Bio/glucolysis,2134,Problems/Bio/glucolysis_min-4_ld-1--1,221
359,0,6,565,22,_kmet6,13,7427,33,4333,0,226,53,129,129,25,790,1359,0,0,DICF-PB-Star,0,0;0;3;3;0;0;0;0;0;0;0,4,0,_max-4_ld-1--1,25,0,1907,10566,0,0,0,1,97,Problems/Bio/glucolysis,2340,Problems/Bio/glucolysis_max-4_ld-1--1,233
305,0,6,532,30,_kmet6,13,6747,35,3774,0,225,53,123,123,25,745,1186,0,0,DICF-PB-Star,0,0;0;5;5;0;0;0;0;0;0;0,4,0,_min-5_ld2--1,25,0,1792,10589,0,0,0,1,96,Problems/Bio/glucolysis,2136,Problems/Bio/glucolysis_min-5_ld2--1,222
402,0,2,574,251,_kmet2,3,9803,574,8367,2,251,5,5,5,3,653,3240,0,0,DICF-PB-Async,0,0;2;2;0;0;2;2;0;0;2;2,2,0,_min-2_ld2--1,3,0,1436,3435,0,0,0,0,1436,Problems/Bio/glucolysis,3814,Problems/Bio/glucolysis_min-2_ld2--1,8
229,0,2,488,0,_kmet2,0,1205,0,1205,0,229,2,0,0,1,229,488,0,0,DICF-PB-Token-FixedOrder-0-1,0,0;0;16;16;0;0;0;0;0;0;0,1,0,_max-8_ld-1--1,1,0,1205,10580,0,0,0,1,0,Problems/Bio/glucolysis,488,Problems/Bio/glucolysis_max-8_ld-1--1,0
376,0,2,574,252,_kmet2,3,9803,574,8367,2,252,6,5,5,4,628,3240,0,0,DICF-PB-Star,0,0;2;2;0;0;2;2;0;0;2;2,2,0,_min-2_ld2--1,4,0,1436,3513,0,0,0,0,1436,Problems/Bio/glucolysis,3814,Problems/Bio/glucolysis_min-2_ld2--1,8
918,0,6,14,20,_kmet6,4,128343,14,125343,0,20,37,4,62,8,1383,46586,0,0,DICF-PB-Token-FixedOrder-4-5-0-1-2-3,0,0;0;2;2;0;0;0;0;0;0;0,5,0,_max-2_ld-1--1,5,0,37,10892,0,0,0,1,37,Problems/Bio/glucolysis,47504,Problems/Bio/glucolysis_max-2_ld-1--1,205
917,0,6,19,36,_kmet6,7,128413,19,125351,0,36,47,7,75,8,1453,46588,0,0,DICF-PB-Token-FixedOrder-4-5-0-1-2-3,0,0;0;4;4;0;0;0;0;0;0;0,7,0,_min-4_ld-1--1,8,0,53,10511,0,0,0,1,53,Problems/Bio/glucolysis,47528,Problems/Bio/glucolysis_min-4_ld-1--1,235
910,0,6,15,24,_kmet6,5,159989,15,156664,0,24,37,5,68,8,1461,57181,0,0,DICF-PB-Token-FixedOrder-4-5-0-1-2-3,0,0;0;3;3;0;0;0;0;0;0;0,5,0,_max-4_ld-1--1,5,0,40,10341,0,0,0,1,40,Problems/Bio/glucolysis,58198,Problems/Bio/glucolysis_max-4_ld-1--1,223
914,0,6,20,36,_kmet6,8,128431,20,125354,0,36,47,8,76,8,1430,46589,0,0,DICF-PB-Token-FixedOrder-4-5-0-1-2-3,0,0;0;5;5;0;0;0;0;0;0;0,7,0,_min-5_ld2--1,8,0,56,10420,0,0,0,1,56,Problems/Bio/glucolysis,47534,Problems/Bio/glucolysis_min-5_ld2--1,241
257,0,2,684,0,_kmet2,0,1766,0,1766,0,257,2,0,0,1,257,684,0,0,DICF-PB-Token-FixedOrder-0-1,0,0;0;5;5;0;0;0;0;0;0;0,1,0,_min-5_ld2--1,1,0,1766,10617,0,0,0,1,0,Problems/Bio/glucolysis,684,Problems/Bio/glucolysis_min-5_ld2--1,0
208,0,2,488,0,_kmet2,0,1205,0,1205,0,208,2,0,0,1,208,488,0,0,DICF-PB-Token-FixedOrder-0-1,0,0;0;16;16;0;0;0;0;0;0;0,1,0,_max-8_ld2--1,1,0,1205,10607,0,0,0,1,0,Problems/Bio/glucolysis,488,Problems/Bio/glucolysis_max-8_ld2--1,0
198,0,2,448,0,_kmet2,0,1093,0,1093,0,198,2,0,0,1,198,448,0,0,DICF-PB-Token-FixedOrder-0-1,0,0;0;2;2;0;0;0;0;0;0;0,1,0,_max-2_ld-1--1,1,0,1093,10581,0,0,0,1,0,Problems/Bio/glucolysis,448,Problems/Bio/glucolysis_max-2_ld-1--1,0
201,0,2,476,0,_kmet2,0,1162,0,1162,0,201,2,0,0,1,201,476,0,0,DICF-PB-Token-FixedOrder-0-1,0,0;0;3;3;0;0;0;0;0;0;0,1,0,_max-4_ld-1--1,1,0,1162,10718,0,0,0,1,0,Problems/Bio/glucolysis,476,Problems/Bio/glucolysis_max-4_ld-1--1,0
271,0,2,684,0,_kmet2,0,1766,0,1766,0,271,2,0,0,1,271,684,0,0,DICF-PB-Token-FixedOrder-0-1,0,0;0;5;5;0;0;0;0;0;0;0,1,0,_min-5_ld-1--1,1,0,1766,10658,0,0,0,1,0,Problems/Bio/glucolysis,684,Problems/Bio/glucolysis_min-5_ld-1--1,0
237,0,2,652,0,_kmet2,0,1667,0,1667,0,237,2,0,0,1,237,652,0,0,DICF-PB-Token-FixedOrder-0-1,0,0;0;4;4;0;0;0;0;0;0;0,1,0,_min-4_ld-1--1,1,0,1667,10549,0,0,0,1,0,Problems/Bio/glucolysis,652,Problems/Bio/glucolysis_min-4_ld-1--1,0
583,0,4,9408,57,_kmet4,15,27415,226,25116,0,583,27,20,38,8,892,9408,0,0,DICF-PB-Token-FixedOrder-3-0-1-2,0,0;0;2;2;0;0;0;0;0;0;0,5,0,_max-2_ld-1--1,5,0,25116,10595,0,0,0,1,759,Problems/Bio/glucolysis,10132,Problems/Bio/glucolysis_max-2_ld-1--1,103
695,0,4,9413,61,_kmet4,18,27495,231,25130,0,695,25,24,43,7,1050,9413,0,0,DICF-PB-Token-FixedOrder-3-0-1-2,0,0;0;5;5;0;0;0;0;0;0;0,5,0,_min-5_ld2--1,5,0,25130,11090,0,0,0,1,776,Problems/Bio/glucolysis,10160,Problems/Bio/glucolysis_min-5_ld2--1,120
1172,0,4,63030,98,_kmet4,29,195908,74,179064,0,1172,25,33,45,7,1557,63030,0,0,DICF-PB-Token-FixedOrder-3-0-1-2,0,0;0;16;16;0;0;0;0;0;0;0,5,0,_max-8_ld2--1,5,0,179064,10985,0,0,0,1,238,Problems/Bio/glucolysis,68614,Problems/Bio/glucolysis_max-8_ld2--1,144
704,0,4,9412,64,_kmet4,17,27483,230,25127,0,704,25,23,42,7,1073,9412,0,0,DICF-PB-Token-FixedOrder-3-0-1-2,0,0;0;4;4;0;0;0;0;0;0;0,5,0,_min-4_ld-1--1,5,0,25127,10680,0,0,0,1,773,Problems/Bio/glucolysis,10156,Problems/Bio/glucolysis_min-4_ld-1--1,116
689,0,4,9409,57,_kmet4,20,37694,273,25119,0,689,27,21,44,8,1104,9409,0,0,DICF-PB-Token-FixedOrder-3-0-1-2,0,0;0;3;3;0;0;0;0;0;0;0,5,0,_max-4_ld-1--1,5,0,25119,11100,0,0,0,1,779,Problems/Bio/glucolysis,12993,Problems/Bio/glucolysis_max-4_ld-1--1,121
729,0,4,9413,59,_kmet4,18,27495,231,25130,0,729,25,24,43,7,1072,9413,0,0,DICF-PB-Token-FixedOrder-3-0-1-2,0,0;0;5;5;0;0;0;0;0;0;0,5,0,_min-5_ld-1--1,5,0,25130,10911,0,0,0,1,776,Problems/Bio/glucolysis,10160,Problems/Bio/glucolysis_min-5_ld-1--1,120
215,0,2,488,0,_kmet2,0,1205,0,1205,0,215,2,0,0,1,215,488,0,0,DICF-PB-Token-FixedOrder-0-1,0,0;0;6;6;0;0;0;0;0;0;0,1,0,_max-6_ld-1--1,1,0,1205,25490,0,0,0,1,0,Problems/Bio/glucolysis,488,Problems/Bio/glucolysis_max-6_ld-1--1,0
264,0,2,684,0,_kmet2,0,1766,0,1766,0,264,2,0,0,1,264,684,0,0,DICF-PB-Token-FixedOrder-0-1,0,0;0;5;5;0;0;0;0;0;0;0,1,0,_min-5_ld2--1,1,0,1766,25404,0,0,0,1,0,Problems/Bio/glucolysis,684,Problems/Bio/glucolysis_min-5_ld2--1,0
216,0,2,488,0,_kmet2,0,1205,0,1205,0,216,2,0,0,1,216,488,0,0,DICF-PB-Token-FixedOrder-0-1,0,0;0;6;6;0;0;0;0;0;0;0,1,0,_max-6_ld2--1,1,0,1205,25385,0,0,0,1,0,Problems/Bio/glucolysis,488,Problems/Bio/glucolysis_max-6_ld2--1,0
191,0,2,448,0,_kmet2,0,1093,0,1093,0,191,2,0,0,1,191,448,0,0,DICF-PB-Token-FixedOrder-0-1,0,0;0;2;2;0;0;0;0;0;0;0,1,0,_max-2_ld-1--1,1,0,1093,25566,0,0,0,1,0,Problems/Bio/glucolysis,448,Problems/Bio/glucolysis_max-2_ld-1--1,0
923,0,4,33004,69,_kmet4,27,566570,1309,275548,0,923,27,27,59,8,1856,73275,0,0,DICF-PB-Token-FixedOrder-3-0-1-2,0,0;0;6;6;0;0;0;0;0;0;0,5,0,_max-6_ld-1--1,5,0,90050,25719,0,0,0,1,3809,Problems/Bio/glucolysis,160795,Problems/Bio/glucolysis_max-6_ld-1--1,164
898,0,4,33004,65,_kmet4,27,566570,1309,275548,0,898,27,27,59,8,1801,73275,0,0,DICF-PB-Token-FixedOrder-3-0-1-2,0,0;0;6;6;0;0;0;0;0;0;0,5,0,_max-6_ld2--1,5,0,90050,25678,0,0,0,1,3809,Problems/Bio/glucolysis,160795,Problems/Bio/glucolysis_max-6_ld2--1,164
6250,0,4,1313204,56,_kmet4,21,8509219,249,4749000,0,6250,31,45,89,9,12088,1313204,0,0,DICF-PB-Token-FixedOrder-3-0-1-2,0,0;0;5;5;0;0;0;0;0;0;0,7,0,_min-5_ld2--1,7,0,3756970,25682,0,0,0,1,832,Problems/Bio/glucolysis,2338660,Problems/Bio/glucolysis_min-5_ld2--1,193
6249,0,4,1313199,56,_kmet4,18,8509139,235,4748984,0,6249,33,41,84,9,12040,1313199,0,0,DICF-PB-Token-FixedOrder-3-0-1-2,0,0;0;2;2;0;0;0;0;0;0;0,7,0,_max-2_ld-1--1,7,0,3756956,25912,0,0,0,1,793,Problems/Bio/glucolysis,2338632,Problems/Bio/glucolysis_max-2_ld-1--1,176
